pjMlCHCufrA,
mCbqDuNgMp4,
nBgVaDr0l6I,
UURuEgH2yqw,
gt9pDsYuubI,
hXyDYJLn_sE,
JTDctcyssJM,
jSgNTYQtolI,
3ODq0UvATTc,
20NS42MUPBE,
FA86M03VZgA,
XmLLo9PCcYY,
vy4219QQ908,
rfhxLAPNFzc,
0F0SQwkre1A,
6sLDxt2ZUik,
_9XuTT1IqUY,
lZ_7x3Fddhg,
cSUCoi98LKY,
4677tCafGs8,
HgpzVJo6L5M,
ZKZ6GaW3reI,
jBIVtqcQKc8,
IV78XRDl5So,
qJUBu6seFi4,
oDB7hpCHR6M,
WlSFqFBaVKI,
--faHh58Iz4,
g34pD0hxkxA,
jCGknIvwYXg,
BIcijHZbFvU,
rlPc377aevk,
phDhkC2S5xE,
GWK_LN-RTLE,
NG7kofsBQCw,
wj2bxuFzNcM,
dWF2buyQQVk,
z3u5__Ql4O4,
aM-krzeLi14,
5PwVZzJNoUg,